-0.5276904839421803,-0.02648797923115522,-0.8761133822391184,0.10452498015362267,-0.291341525156441,-0.6258070080189947,-0.6895520553917975,0.4446850817923982,0.24334923121834012,0.18238346671393252,0.3453750326359924,0.7675348074389529,0.32627798462702556,-0.34879971561896567,0.05
0.335444511314458,0.4946809094250876,1.3681179417231553,-1.0661547975669525,2.0828744858200174,0.6170793039116611,-0.4121007038725998,-0.8307437337861824,-0.713909874915033,-0.637466569103852,-0.5996571195272389,0.5571459023926029,0.2788516506133669,0.8364067590459792,6.84
0.17190314379214758,-0.02648797923115522,-0.5394786836447774,-1.0661547975669525,1.2914691488278647,0.07645162562792293,0.34882487861283706,-0.11418385007020695,0.23829476451847256,-0.32889663804056496,0.24869817433724067,-0.2395727380288193,0.5875247397870079,0.8449952117609426,14.559
-1.1909415855604393,-0.28707242355927665,0.47042541213824574,-0.7734848531368087,-0.6870441936525175,-0.2133693977819161,-0.5904788341284715,-0.9426395051013136,-1.0027219632431188,-0.5766535169964888,-0.7299119920378679,0.1743070751771144,-0.4896157276418426,-1.5254177375689473,1.298
-0.1763793981535135,-0.28707242355927665,0.1337907135439047,-0.48081490870666493,-0.6870441936525175,0.3216847992824021,-0.4637608636739756,-0.8311757637912601,-0.8342855566402289,-0.7185506385803362,-0.7431184112184848,-1.2639252757135049,-0.38994004259618814,-0.3144459047591122,5.227
-0.031009293689237574,0.3643886872610269,1.143694809326928,-0.18814496427652114,2.0828744858200174,1.2970440126808986,-0.47495775929609746,-0.9864609014987074,-0.9386670549586076,-0.6757562685788584,-0.7126831668096896,0.005306151451358105,0.37209664630123784,0.389807217867884,4.261
0.43841500197665345,-0.352218534641307,-0.09063241885232266,0.9825348134440541,-1.0827468621485938,-0.3471329470479956,-0.3191278602240849,-0.4687195318841877,-0.41475171953517825,0.371579628825729,-0.6341503965238735,0.8572087669669051,-0.7243358892009654,0.11497673098905623,3.662
-1.772422003417543,-0.547656867887398,0.9192716769307004,-1.0661547975669525,-0.6870441936525175,-0.46417605265581524,-0.6364247161640747,-1.052866454632125,-1.0502132306229883,-0.7162983033171005,-0.7776803965427981,-2.3986457635864395,2.6147995598284717,-1.9204865624572622,0.131
0.8321257015674008,0.42953479834305724,0.6948485445344731,-1.3588247419970965,1.2914691488278647,0.5557710104980412,1.1611789609902265,0.025556678631012252,0.6167076270089724,-0.20051352803613168,0.6394865428959798,-0.6913915341119634,0.01921256779283078,1.274417847509111,27.955
-1.9087064763528017,-0.352218534641307,-0.8761133822391184,0.3971949245837665,-1.0827468621485938,-0.5422047897276949,-0.6587412874385107,-1.0059700211397662,-1.0480861517610023,-0.6689992627891514,-0.7801046977836101,-0.20853175203837432,4.46523042253087,-2.152374785761273,0.152
-0.5095192208841459,-0.4173646457233373,-0.20284398505043635,0.10452498015362267,-0.6870441936525175,-0.4251616841198754,-0.04499696740661981,0.2687472156069216,0.048977600749577195,-0.506831123836183,-0.4165477297615364,1.8263773295574666,0.13014195921460814,-0.426095790053636,5.769
-0.2127219242695825,-0.4173646457233373,0.35821384594013206,0.10452498015362267,-0.6870441936525175,-0.4028677592421955,1.0634956991834397,0.9120483643442269,0.6813417580466481,-0.18699951645671764,-0.004654877342963803,1.0572506766831062,-0.30071422775693263,-0.2972689993291855,9.35
4.375521997884126,0.10380424293290548,0.8070601107325868,1.2752047578741978,1.6871718173239412,0.2213621373328424,0.7624922568728822,0.6136681120137804,2.1004830359072684,0.5517664498845827,3.697826535025337,-1.7295400655701803,-1.6487474843824417,2.159028477150338,30.669
-0.3187209587747837,1.4067264645735125,0.47042541213824574,1.5678747023043418,1.2914691488278647,0.4052870175737018,0.24341961982527655,-0.4646448959539448,-0.40466360044046773,-0.35367232593615733,-0.2357515203610175,0.2639810347050666,0.6462047801767884,0.14074208913394634,13.679
0.311216160570412,0.2340964650969662,-1.4371712132296868,0.9825348134440541,0.8957664803317883,1.2914705314614787,1.5224911997206263,-0.2456903951452389,0.1503759293135256,0.6080748314654745,0.37777567451678257,-0.7948614874134468,0.6437932716676192,1.1026487932098437,34.354
0.19310295069318784,0.03865813185087513,0.47042541213824574,-1.0661547975669525,1.2914691488278647,0.14333340026096275,0.37739626744169963,-0.05063308344093037,0.3010139058335786,-0.25907424488025915,0.321316938936933,-0.22577674425528815,0.48061452921384606,0.7934644954711624,17.02
0.865439683840464,-0.4173646457233373,-0.8761133822391184,0.10452498015362267,-0.6870441936525175,-0.514337383630595,-0.10955286216588764,2.0924814058651284,2.315719660231154,2.9752791931261653,1.0590713350107328,-0.2533687318023504,-1.0965120357827252,0.18368435270876318,7.472
-0.5700900977442609,0.4946809094250876,0.021579147345791017,-1.3588247419970965,0.8957664803317883,0.7285489283000607,0.3280527067345559,-0.6940358862970774,-0.8852120787959926,-0.42574705435969884,-0.33926188838544524,-0.6051665730273939,-1.5683638674101394,-1.3708255886996066,11.385
-1.1212850771713072,-0.4173646457233373,-1.1005365146353459,-1.0661547975669525,-0.6870441936525175,-0.3917207968033555,-0.26576886108693887,-0.7789679025894164,-0.9961813677919995,-0.520345135415597,-0.7187736086952846,-0.2913077146795608,-2.1342645308951473,-1.963428826032079,1.554
-0.12489415282241578,-0.352218534641307,1.0314832431288141,0.9825348134440541,-0.6870441936525175,-0.3248390221703157,0.4780911080709882,0.9881788281801784,0.9881178754050776,-0.15321448750818256,0.2954334091741131,0.9020457467308809,-0.020979240693320363,-0.005261607020430935,13.285
-0.37929183563489866,0.2340964650969662,-0.20284398505043635,-1.0661547975669525,0.8957664803317883,-0.6258070080189947,-0.6899381552408362,-0.597167982217395,-0.5067882409161398,0.08328071513156297,-0.35194408847340225,0.18465407050726254,1.1236834649922645,0.32109959614817707,0.0
-0.6064326238603298,-0.48251075680536765,0.5826369783363594,0.3971949245837665,-0.6870441936525175,-0.30254509729263573,0.5061991770810044,-0.21011992472717272,-0.3605391889574942,-0.45502741278176256,-0.5379536482679138,0.6709628510242346,0.27402863359502916,-0.4862149590583796,6.074
0.35058723052948676,-0.09163409031318558,-0.8761133822391184,-1.0661547975669525,2.0828744858200174,1.1354130573177195,-0.13935977051167397,-0.7876085026909709,-0.6167284214245508,-0.5586348348906035,-0.5698012305234382,0.6364728665904069,0.6413817631584506,1.1627679622145872,11.323
-0.10975143360738704,-0.28707242355927665,-0.651690249842891,0.6898648690139103,-0.6870441936525175,-0.19107547290423615,0.44172050229154425,1.3708557585602024,1.3458308378885468,0.41887866935367807,0.5167005200793151,0.6123298774867274,-0.07242475555559387,-0.022438512450357672,22.53
1.4590342770695908,-0.22192631247724626,0.47042541213824574,0.9825348134440541,-1.0827468621485938,-0.21894287900133608,-0.2805950952900243,-0.8449583680708966,-0.7287460337316997,-0.2297938864581954,-0.7630429779943542,-1.0086993909031792,-0.9743289379848254,0.8793490226207961,2.107
-0.6306609746043759,-0.4173646457233373,-1.5493827794278006,0.9825348134440541,-0.6870441936525175,-0.3304125033897357,0.2831106843064532,0.23686170699687137,-0.05829438158073733,-0.2680835859332018,-0.25387270559806024,1.0744956689000198,0.1438071740998991,-0.5806879389229767,8.273
2.1222853786878497,-0.4173646457233373,-0.8761133822391184,1.2752047578741978,-1.0827468621485938,0.08202510684734292,-0.1138771804751209,-0.6102728923714194,-0.3619589497503091,-0.15321448750818256,-0.6723708882343388,-0.7155345232156429,-1.2283411676173006,1.1455910567846606,7.187
0.7654977370212743,-0.15678020139521592,0.35821384594013206,-0.7734848531368087,-0.291341525156441,-0.2579572475372759,1.1421056284477156,2.5697051379446134,3.7965814873422223,0.8423176988419844,4.0039815124011575,-0.7500245076494706,-0.3296523298669614,0.8449952117609426,28.703
-0.37323474794888717,0.559827020507118,1.143694809326928,1.5678747023043418,1.6871718173239412,0.7006815222029608,-0.2700931793961721,-0.8299813278948688,-0.7962775097150199,-0.4640367538347053,-0.6080836445539103,-0.10506179873689066,0.6293242206126048,0.046269109269349275,7.344
-0.027980749846231823,-0.15678020139521592,-0.651690249842891,0.10452498015362267,2.0828744858200174,1.564571111213058,-0.4402859928524237,-0.9613862188510589,-0.9085415053072242,-0.66449459226268,-0.7116813824271147,0.6088808790433446,0.41630763563600387,0.4241610287277375,6.013
-0.4065487302219504,-0.22192631247724626,-0.31505555124855,0.10452498015362267,-0.291341525156441,-0.2077959165624961,1.4425685309696188,1.8725950756337058,1.3258714136226453,0.975205479372889,1.4631042940432437,0.8089227887595459,-0.1592390618856802,-0.45186114819852613,26.212
-0.5307190277851861,-0.4173646457233373,-1.1005365146353459,0.6898648690139103,-0.6870441936525175,-0.40844124046161545,-0.2893981718481063,-0.15520975819945068,-0.3425574077873246,-0.5563824996273679,-0.50449099618646,0.270879031591832,-0.06599406619780983,-0.5549225807780865,4.26
-0.7760310790686518,-0.4173646457233373,-1.6615943456259141,1.2752047578741978,-0.6870441936525175,-0.4140147216810354,0.4508324587288572,0.5880597452422124,0.13460082225468684,-0.2951116090920299,-0.04941877695112831,1.3090275630500494,0.34235470802148565,-0.6923378242175005,7.556
-0.6882033076214851,0.03865813185087513,0.8070601107325868,1.5678747023043418,-0.291341525156441,-0.6202335267995747,-0.6898609352710285,0.8204410609146084,0.4168543104421202,0.5855514788331178,0.6615800873740033,0.7020038370146796,0.40987694627821986,-0.5377456753481598,0.287
0.347558686686481,0.10380424293290548,1.0314832431288141,0.3971949245837665,2.0828744858200174,3.86641885483351,-0.3730273991498851,-1.0062241564368708,-0.9422624472945929,-0.6870179448950368,-0.731585591179968,0.10877610475284176,0.3897810420351443,0.948056644340503,8.063
-0.651860781505416,-0.15678020139521592,0.9192716769307004,-0.18814496427652114,-0.291341525156441,-0.6258070080189947,-0.6899381552408362,-0.124866003725168,-0.3498658700998852,-0.16222382856112524,0.07887663584421879,0.09498011097931032,0.1012038571045788,-0.6322186552127569,0.0
-0.4610625193960539,0.8855575759172697,-1.6615943456259141,-0.7734848531368087,0.10436114333963542,-0.5923661207024747,-0.6486254713936972,-0.06280616417223808,-0.07664368571212007,-0.20276586329936735,-0.03733798679309983,0.7951267949860151,0.6405779269887272,-0.08255768145510126,0.767
0.311216160570412,1.2112881313274213,1.5925410741193826,1.5678747023043418,0.5000638118357118,-0.6258070080189947,-0.6899381552408362,-0.3806785937906031,-0.10405731451737046,-0.4392610659391129,-0.19250853472233379,0.10877610475284176,0.3801350079984682,0.8879374753357594,0.0
-0.6942603953074965,0.10380424293290548,-1.3249596470315732,1.5678747023043418,-0.291341525156441,-0.6258070080189947,-0.6899381552408362,1.371618164451516,0.9501168683029528,3.2545687657673885,0.9466814759475296,0.9537807233816227,0.662281503571249,-0.426095790053636,0.0
0.5958992818129524,-0.352218534641307,1.5925410741193826,0.9825348134440541,-0.6870441936525175,-0.10189977339351647,1.151063144945413,1.434575948720882,2.103959224781517,-0.10366311171699778,0.8640745563056532,0.2674300331484493,-0.315183278811947,0.6560492520317485,27.882
0.311216160570412,-0.352218534641307,1.4803295079212688,0.9825348134440541,-1.0827468621485938,-0.0405914799798967,-0.4677763021039779,-0.9378363479860377,-0.862143167830508,-0.5023264533097117,-0.7685659399883805,-1.436375197882644,0.19123350811355772,0.7333453264664188,1.898
-0.4550054317100424,-0.352218534641307,1.5925410741193826,0.6898648690139103,-0.6870441936525175,-0.39729427802277545,0.2678211302845213,1.0272224809920067,0.7373717731141641,-0.018074371714042258,0.23466046921680722,1.1814146206448863,0.13255346772377674,-0.34879971561896567,10.301
-1.6240233551102614,-0.48251075680536765,-1.6615943456259141,-0.48081490870666493,-0.6870441936525175,-0.3471329470479956,-0.6859227168108339,-1.055052018187224,-1.0507799416427486,-0.7185506385803362,-0.7701784650614328,-2.236542836747449,0.2008795421502338,-1.9204865624572622,0.212
0.04773284622891189,0.10380424293290548,0.9192716769307004,1.2752047578741978,-0.291341525156441,-0.22451636022075608,1.2139202003689107,2.227113815094546,2.64306390978695,1.6801864167656542,2.2386957723940424,0.14671508763005214,0.1204959251779315,0.32109959614817707,28.071
-1.63916607432529,-0.15678020139521592,1.143694809326928,0.9825348134440541,-1.0827468621485938,-0.36385339070625555,-0.5611352456015315,-0.971687169560363,-1.0426911533498648,-0.4460180717288199,-0.7776973615619781,-0.039530828312618005,-1.208245263374225,-2.126609427616383,0.657
0.10527517924602112,0.9507036869993001,1.143694809326928,0.9825348134440541,0.8957664803317883,3.3202176953303515,2.625964568273183,-0.25078157226389997,0.06449551750047854,0.0652620330256776,0.409877732060006,-0.8810864484980162,0.7547226630893966,0.8707605699058327,70.247
0.04470430238590614,-0.4173646457233373,1.4803295079212688,-0.18814496427652114,-0.6870441936525175,0.17120080635806253,0.14357419886387307,-0.13210885969264755,-0.16045033822008595,-0.48205543594059064,-0.6503027912850853,0.3364100020161053,-0.487204219132674,-0.1254999450299181,16.178
0.5383569487958432,0.8204114648352393,-0.31505555124855,-0.18814496427652114,0.8957664803317883,-0.4976169399723351,-0.6899381552408362,-0.6091801105938698,-0.3091613709981012,-0.5090834590994187,-0.43564185884854817,0.7813308012124837,0.6019937908420223,1.4118330909485248,1.33
-0.06432327596230081,-0.352218534641307,0.9192716769307004,0.10452498015362267,-0.6870441936525175,0.13775991904154278,1.3444219493439855,0.6605984302124197,0.7292958332876276,-0.1419528111920042,-0.20414399312688908,1.1745166237581208,-0.008921698147475135,0.08062292012920275,28.359
0.5928707379699467,-0.4173646457233373,1.2559063755250415,1.2752047578741978,-1.0827468621485938,-0.2579572475372759,-0.46870294174167076,-0.9185898348186534,-0.8566587668230676,-0.5834105227861959,-0.7736376324722207,-1.4225792041091128,-0.5257883552793788,0.458514839587591,1.341
-0.9577437096489967,-0.15678020139521592,0.9192716769307004,1.5678747023043418,-1.0827468621485938,-0.3527064282674156,0.6302916685620371,0.11217445906081137,-0.5582293541458672,0.006701316181550131,-0.28012013502228966,0.2881240238087462,-0.9204719146133827,-1.4223563049893868,6.996
0.35664431821549825,1.4718725756555426,-1.2127480808334594,0.3971949245837665,0.8957664803317883,2.010449608766656,2.382335563529774,-0.2991435193028949,0.03574352256842085,-0.03609305381992763,0.16555770484215548,-0.5430846010465039,0.415503799466281,0.9824104552003565,44.228
0.2294454768092568,-0.352218534641307,1.143694809326928,-1.6514946864272402,-0.291341525156441,-0.6202335267995747,-0.6880848759654505,0.021143195637963318,0.17029368287776064,0.047243350919792225,0.10945353816316646,0.32951200512933926,-0.21711526610573775,0.29533423800328695,0.192
0.20521712606521084,-0.15678020139521592,-0.31505555124855,1.2752047578741978,1.6871718173239412,0.9124738085409202,-0.12669569546320517,-0.6545856170098818,-0.5439075969908838,-0.3671863375155714,-0.3971711331051789,0.15706208296020027,0.05136601458175158,0.4756917450175177,14.234
0.08104682850197513,0.3643886872610269,-0.651690249842891,1.2752047578741978,0.5000638118357118,0.34397872416008196,2.6953081011605304,0.7632436767129455,1.0725152416778796,1.6937004283450683,0.874632735992283,0.31226701291242576,0.17917596556771248,0.40698412329781075,38.001
-0.3641491164198699,-0.28707242355927665,0.24600227974201838,0.9825348134440541,-0.6870441936525175,-0.4864699775334951,0.026199844756113373,0.546440854753058,0.38351907499487375,-0.3446629848832147,-0.06055546379179366,1.0882916626735513,0.07548109967344203,-0.262915188469332,4.868
-0.0007238552591800854,-0.352218534641307,0.6948485445344731,1.5678747023043418,-0.6870441936525175,-0.4251616841198754,-0.2688576598792483,0.45602798721983107,0.49353901911910103,-0.21402753961554571,0.05531901021096736,0.5812888914962824,-0.18656949165626324,0.037680656554385905,6.65
-0.9850006042360484,-0.28707242355927665,1.143694809326928,1.5678747023043418,-0.6870441936525175,-0.6258070080189947,-0.6899381552408362,0.33143392222604273,-0.7348794348717869,0.8265513519993346,-0.11713210625494375,1.102087656447082,-2.154360435138223,-1.894721204312372,0.0
0.2476167398672913,-0.547656867887398,-1.3249596470315732,-1.0661547975669525,-0.6870441936525175,0.34397872416008196,-0.5258457193993958,-0.9644612559460238,-0.9182308905060894,-0.6712515980523871,-0.7680578376639415,-1.7260910671267975,-0.23640733417909046,0.30392269071825034,2.606
0.5232142295808144,-0.4173646457233373,-0.651690249842891,0.10452498015362267,-0.6870441936525175,-0.30811857851205576,0.09384453830769067,0.5875006475885824,0.7930675491672778,-0.4527750775185269,-0.11854020284687798,0.839963774749991,-0.6326985658525407,0.2867457852883236,11.338
0.5322998611098317,-0.352218534641307,0.9192716769307004,0.6898648690139103,-0.6870441936525175,-0.6258070080189947,-0.6899381552408362,2.006914051330028,1.9375521813497858,1.1463829593788,0.8700479395589067,0.9123927420610296,-1.016128418810423,-0.04820387059524778,0.0
-1.9844200724279455,1.2764342424094517,-1.2127480808334594,0.3971949245837665,-1.0827468621485938,-0.6202335267995747,-0.6874671162069886,-1.0544082087678925,-1.0571591367852415,-0.7140459680538649,-0.7848684751693347,-1.1190673410914282,5.733683898353799,-2.367086103635357,0.003
0.08407537234498087,0.755265353753209,-1.1005365146353459,0.6898648690139103,1.2914691488278647,0.5056096795232615,0.718862973931511,-0.28589459914717796,-0.09363575614899672,-0.24781256856408077,0.10226885254046592,-0.27061372401926426,0.33833552717287074,0.5272224613072979,19.287
-0.3944345548499274,0.4946809094250876,-1.3249596470315732,-0.18814496427652114,0.10436114333963542,-0.23008984144017605,0.9686695762595391,1.6804942045523803,1.4787260610132673,1.2387287051714626,1.8942965522809052,0.07083712187563077,0.2909091931592127,-0.1770306613196983,23.401
-1.9238491955678305,-0.22192631247724626,0.1337907135439047,0.3971949245837665,-1.0827468621485938,-0.4195882029004554,-0.6745713812490967,-1.038490867992578,-1.054158898879775,-0.6982796212112151,-0.782360197083582,-0.9604134126958204,2.706436883176896,-2.2554362183408334,0.231
-0.23392173117062273,-0.28707242355927665,-1.2127480808334594,1.5678747023043418,-0.6870441936525175,-0.4251616841198754,-0.24044071099000125,-0.07725799140091655,-0.07656768929610097,-0.21177520435231004,-0.372255457686574,0.0846331156491622,0.14219950176045337,-0.04820387059524778,4.296
-0.5246619400991747,-0.4173646457233373,1.2559063755250415,-0.18814496427652114,-0.6870441936525175,-0.38057383436451553,0.9424147865249086,2.669436299705007,0.802706855863812,1.002233502531717,1.0916475648400354,-0.7120855247722603,-1.3521319377546464,-1.2248218925452292,19.452
-0.3187209587747837,-0.15678020139521592,-0.7639018160410047,-0.48081490870666493,-0.6870441936525175,-0.4697495338752352,-0.6707876027285176,-1.0253690154854131,-1.0171418675280124,-0.7185506385803362,-0.7665657642270667,-2.0951339005687553,-1.0780238038790952,-0.8898722366616579,0.214
-0.5519188346862264,-0.22192631247724626,0.8070601107325868,-1.6514946864272402,-0.291341525156441,-0.6146600455801546,-0.675034701067943,-0.10130766168357667,-0.2969534969829096,-0.2906069385655585,-0.06939848003933241,0.6951058401279142,0.007958861416708414,-0.5463341280631232,0.257
-0.1067228897643813,-0.22192631247724626,0.1337907135439047,1.2752047578741978,0.8957664803317883,-0.6258070080189947,-0.6899381552408362,-0.12011367366931301,0.1633129564246455,1.2184576878023416,0.44901518305714655,-0.6155135683575423,0.9580932140293215,0.6732261574616752,0.0
-0.2854069765017205,-0.28707242355927665,1.5925410741193826,-1.6514946864272402,-0.291341525156441,-0.6258070080189947,-0.6899381552408362,0.9849089540241,0.8065936274243292,0.47518705093456987,0.8771791853711906,0.5157579210720098,-0.02982143856027357,-0.21997292489451514,0.0
-0.8123736051847208,-0.09163409031318558,1.5925410741193826,0.6898648690139103,-0.291341525156441,-0.6258070080189947,-0.6899381552408362,0.32811322101054335,-0.016349274134590985,-0.0631210769787557,0.2654027804727592,0.7089018339014456,0.6027976270117452,-0.6322186552127569,0.049
-0.2006077488975595,1.2112881313274213,-0.20284398505043635,1.5678747023043418,0.10436114333963542,-0.6258070080189947,-0.6899381552408362,0.07184318741032007,0.1347866672703769,0.008953651444785804,0.13155217214694387,0.7089018339014456,0.2949283740078276,0.09779982555912949,0.0
-0.4368341686520079,-0.352218534641307,-1.6615943456259141,1.5678747023043418,-0.6870441936525175,-0.44745560899755527,0.6489789012555094,0.9656963255629963,0.6961655629734773,0.16211244934481148,0.39591297652204627,0.6261258712602588,0.11969208900820864,-0.33162281018903894,7.675
-0.2884355203447262,-0.22192631247724626,0.9192716769307004,-0.7734848531368087,-0.291341525156441,-0.6202335267995747,-0.6878532160560273,0.7429128529445819,0.6221607960359719,0.10129939723744835,0.6560749386501158,0.5467989070624547,0.04975834224230585,-0.1770306613196983,0.175
0.2900163536693718,-0.28707242355927665,-0.9883249484372321,-0.18814496427652114,-0.6870441936525175,-0.2691042099761159,-0.019051057551220302,0.11442779202847168,0.20644219578691067,-0.5000741180464761,-0.4967846362239765,1.1089856533338482,-0.4791658574354436,0.15791899456387307,9.096
-0.09158017054935255,-0.4173646457233373,1.5925410741193826,-1.0661547975669525,-0.6870441936525175,-0.4028677592421955,-0.6588185074083184,-0.9399880268348562,-0.91337764278533,-0.7117936327906291,-0.7768847371432593,-2.515911710661454,-0.17210044060124888,-0.06538077602517452,0.715
-0.230893187327617,1.2112881313274213,0.35821384594013206,-0.48081490870666493,0.10436114333963542,-0.13534066071003636,0.4500602590307798,0.6205043515058927,0.5169415482476248,-0.05861640645228435,0.4950658793701088,0.8227187825330774,-0.06036721300974864,-0.16844220860473494,17.725
0.19310295069318784,-0.4173646457233373,-0.31505555124855,-0.18814496427652114,-0.6870441936525175,-0.3582799094868356,-0.45117400859531454,-0.5589545047094415,-0.5915399765195786,-0.6059338754185526,-0.7005743843700142,-0.47410463217884824,-0.891533812503354,-0.2715036411842954,2.992
-0.6124897115463414,-0.352218534641307,0.24600227974201838,0.6898648690139103,-0.6870441936525175,-0.19107547290423615,1.0655034183984409,0.5793005486686758,0.07001540174176224,-0.18925185171995332,-0.1450556795741503,0.5916358868264311,-0.30312573626610123,-0.7782223513671341,15.376
-0.7487741844816,-0.09163409031318558,-0.7639018160410047,-0.7734848531368087,0.8957664803317883,-0.36385339070625555,-0.44862574959165924,-0.4917103050955789,-0.5600885619518879,-0.21627987487878136,-0.3500253448041521,0.839963774749991,0.9275474395798464,-0.3917419791937825,3.319
0.37481558127353276,-0.48251075680536765,-0.20284398505043635,-0.18814496427652114,-0.6870441936525175,-0.30811857851205576,-0.2818306148069481,-0.395435383375807,-0.41643980386885043,-0.644223574893559,-0.6378606462185242,0.7813308012124837,-0.9703097571362106,-0.15985375588977158,4.686
-0.2006077488975595,-0.22192631247724626,1.4803295079212688,-0.7734848531368087,-0.291341525156441,-0.3304125033897357,0.3571646353520726,1.4310011122082782,1.3481129717477696,0.3152712472448372,1.3111070529516158,0.4536759490911198,0.015997223113938756,-0.08255768145510126,15.776
0.6261847202430099,-0.4173646457233373,1.3681179417231553,-1.0661547975669525,-0.6870441936525175,-0.23566332265959597,-0.6314054181265719,-0.9520170975644713,-0.9031413822416141,-0.7050366270009222,-0.7704855319085896,-1.9985619441540372,-0.7146898551642893,0.32109959614817707,1.144
1.3197212602913264,-0.48251075680536765,-1.1005365146353459,1.2752047578741978,-1.0827468621485938,-0.22451636022075608,-0.43071071659626436,-0.9163873289104141,-0.8136610848123769,-0.4640367538347053,-0.7751661807003324,-1.5639881402878069,-0.7275512338798574,1.0339411714901368,1.491
-1.966248809369911,-0.48251075680536765,1.0314832431288141,1.5678747023043418,-1.0827468621485938,-0.018297555102216752,-0.6545714090688929,-1.0611682076708735,-1.0565717272124062,-0.7185506385803362,-0.7865836386084256,-2.3745027744827603,5.6653578239273426,-2.2983784819156505,0.386
-0.37323474794888717,-0.352218534641307,0.5826369783363594,0.6898648690139103,-0.6870441936525175,-0.1743550292459762,0.7277432704594008,0.1173418767686038,-0.1478844644722186,-0.36943867277880704,-0.36419877007802504,0.7744328043257183,-0.4566584446831989,-0.5806879389229767,11.498
-0.37323474794888717,-0.4173646457233373,-1.5493827794278006,0.3971949245837665,-0.6870441936525175,-0.3192655409508957,0.47654670867483345,-0.043161505706056744,-0.23408006884259294,-0.2365508922479024,-0.5377678813078935,1.2297005988522454,-0.3200062958302848,-0.5033918644883063,6.836
1.7073748721960622,-0.4173646457233373,1.143694809326928,-1.0661547975669525,-0.6870441936525175,-0.38057383436451553,-0.6317142980058028,-0.8984707904645436,-0.7424029222141084,-0.6329618985773806,-0.7571484820802873,-1.6226211138253142,-0.5868799041783284,1.626544408822609,1.004
-0.46409106323905963,-0.352218534641307,0.1337907135439047,1.2752047578741978,-0.6870441936525175,-0.30811857851205576,1.7053480882253467,1.886140486969378,1.3909789701320323,1.002233502531717,0.984647492370296,0.9399847296080919,0.04815066990285956,-0.4089188846237093,20.142
-0.16123667893848476,-0.352218534641307,-1.3249596470315732,0.6898648690139103,0.8957664803317883,1.4252340807275583,1.753919449234413,-0.24996833931316542,-0.07657711781849837,0.16661711987128283,0.09132726342036976,-0.14989877850086678,0.7490958099013354,0.4499263868726276,36.533
-0.44591980018102517,0.10380424293290548,-1.2127480808334594,1.2752047578741978,0.8957664803317883,2.5176363997338744,2.9926822048901243,-0.3347478744272417,-0.23681428772327928,1.5180182778126858,0.060982781864187145,-0.39477766798104447,1.2024594096251204,0.2523919744284701,50.344
2.5735384112957065,0.10380424293290548,-0.651690249842891,-0.48081490870666493,2.0828744858200174,0.9737821019545397,-0.1402091901795591,-0.7009653087314613,-0.4248272742819621,-0.5473731585744251,-0.2519047633731883,-0.7983104858568297,-1.1994030655072718,1.5836021452477922,13.216
0.10224663540301537,-0.4173646457233373,-0.9883249484372321,0.3971949245837665,-0.6870441936525175,-0.1687815480265562,0.18287916349601102,0.5955652076833666,0.7607406394713168,-0.14645748171847556,-0.14739939697385768,1.0469036813529575,-0.10055902149589979,0.22662661628358002,16.287
-0.2854069765017205,-0.352218534641307,1.2559063755250415,0.6898648690139103,-0.6870441936525175,-0.48089649631407516,0.2451956791308545,1.6272698021621184,1.371942572953853,0.858084045684634,3.25900595591342,-1.3949872165620505,-0.0418789811061188,-0.22856137760947853,8.241
-0.4550054317100424,-0.547656867887398,1.143694809326928,1.5678747023043418,1.6871718173239412,1.0350903953681596,-0.28105841510887075,-0.8670173118595711,-0.8168917848484489,-0.5225974706788328,-0.6047822518214958,-0.10506179873689066,1.1831673415517676,0.22662661628358002,7.877
0.5534996680108719,-0.22192631247724626,0.8070601107325868,-0.48081490870666493,-0.6870441936525175,0.6672406348864409,-0.031869572539304586,-0.6540011058265414,-0.5330628284508878,-0.7005319564744508,-0.680363108770004,0.06738812343224805,-0.39315538727508015,0.5358109140222613,11.951
0.005333232426831412,-0.15678020139521592,-1.5493827794278006,1.5678747023043418,1.6871718173239412,1.1632804634148193,0.05338127412843667,-0.6846328803042092,-0.561179545117716,-0.10141077645376212,-0.40722799647504165,-0.17404176760454632,0.5778787057503313,0.5873416303120416,15.421
0.40510101970359025,-0.28707242355927665,-0.09063241885232266,-1.3588247419970965,-0.291341525156441,-0.6090865643607347,-0.682679478078909,-0.002211838165944377,0.23070266783906385,-0.25006490382731644,0.12127476352774201,0.20189906272417668,-0.23881884268825962,0.49286865044744443,0.355
-0.4731766947680769,0.8855575759172697,-0.31505555124855,0.10452498015362267,1.2914691488278647,-0.6258070080189947,-0.6899381552408362,-0.208400275883432,-0.20420647961562954,0.22517783671541028,-0.012474902933952748,0.39504297555361256,0.734626758846321,-0.04820387059524778,0.0
0.8775538592124871,-0.4173646457233373,1.7047526403174962,1.5678747023043418,-0.6870441936525175,-0.5700721958247948,-0.41619336227240983,1.86165031550507,1.083756081818892,4.234334605274905,1.8632870419728693,-0.22577674425528815,-1.9252671267671617,-0.6493955606426836,3.64
-0.3550634848908527,-0.22192631247724626,0.5826369783363594,-0.7734848531368087,2.0828744858200174,1.0685312826846796,-0.4648419432512839,-0.9654947394875824,-0.921396285397075,-0.6960272859479795,-0.6840470626849259,-0.19128675982146018,0.9452318353137528,0.2609804271434335,4.505
0.5444140364818547,-0.28707242355927665,-0.9883249484372321,-1.6514946864272402,-0.291341525156441,-0.3694268719256755,0.3128403726824318,1.6810787157357205,2.1867982962242714,0.6846542304154873,1.373507786499236,0.5985338837131965,-0.46791215105932127,0.458514839587591,15.006
1.2349220326871655,1.4067264645735125,0.6948485445344731,-0.7734848531368087,0.5000638118357118,-0.4195882029004554,-0.20360678539171087,0.5802239069148223,1.5008424176211117,0.16436478460804715,0.34648793789419585,1.246945591069159,-0.37386331920172744,1.3517139219437813,7.26
-0.4943765016691171,1.341580353491482,-0.4272671174466637,-1.6514946864272402,0.5000638118357118,-0.6258070080189947,-0.6899381552408362,0.08339787225200672,-0.00015664979544367745,-0.42574705435969884,0.028091850929096968,1.2331495972956281,0.49508358026886046,-0.21138447217955178,0.0
0.30515907288440053,-0.28707242355927665,-0.20284398505043635,-0.48081490870666493,2.0828744858200174,1.3862197121916184,-0.300903947349459,-0.8949806657176412,-0.7846349576961994,-0.5901675285759029,-0.6204452057793667,-0.04297982675600071,0.5513521121494717,1.0167642660602099,8.365
0.35361577437249253,-0.4173646457233373,0.021579147345791017,0.3971949245837665,-0.6870441936525175,0.05973118196966297,1.5359274744671725,0.6942290011959212,0.7902129166908417,0.12382274986980506,-0.12202821079027168,0.9365357311647091,-0.606975808421404,0.1235651837040196,25.826
1.6074329253768724,-0.48251075680536765,1.143694809326928,1.5678747023043418,-1.0827468621485938,-0.36385339070625555,-0.5313283372557451,-0.938082012106572,-0.8090919765578797,-0.637466569103852,-0.772601069800327,-1.6226211138253142,-0.5201615020913176,1.600779050677719,0.851
1.7376603106261197,0.6901192426711786,-1.2127480808334594,0.6898648690139103,-1.0827468621485938,-0.6258070080189947,-0.6899381552408362,-0.8599862353063453,-0.7173906517756264,-0.5158404648891257,-0.7604388475502348,-0.7534735060928534,-0.9220795869528291,1.2142986785043675,0.0
0.43841500197665345,0.03865813185087513,1.5925410741193826,-1.6514946864272402,0.10436114333963542,-0.4307351653392953,-0.31773790076754566,0.22966967808881275,-0.007965360463187141,0.3513086114566079,0.5265088459181919,-0.243021736472202,-1.4108119781444268,-0.4776265063434162,5.497
0.12344644230405562,-0.28707242355927665,-1.6615943456259141,-0.7734848531368087,-0.291341525156441,-0.6202335267995747,-0.6899381552408362,0.13897726172877073,0.26866220417470654,0.3422992704036652,0.2340107089822159,0.2467360424881531,-0.13994699381232806,0.22662661628358002,0.119
-0.4156343617509677,-0.4173646457233373,-0.4272671174466637,0.10452498015362267,-0.6870441936525175,-0.4140147216810354,-0.3368112333100566,-0.13032144143634558,-0.2655154780725981,-0.6036815401553169,-0.5375787213440373,1.2331495972956281,-0.04670199812445712,-0.4003304319087459,4.256
-0.603404080017324,-0.15678020139521592,0.24600227974201838,-1.6514946864272402,-0.291341525156441,-0.6258070080189947,-0.6894748354219898,0.18478938462015007,-0.04654572711623421,-0.3334013085670363,0.23928089219046128,0.42263496310067483,0.2611672548794605,-0.4862149590583796,0.029
-0.07946599517732955,0.10380424293290548,0.5826369783363594,-1.6514946864272402,0.10436114333963542,-0.3471329470479956,0.16411471083273102,0.7727737503543659,0.6743991771222047,0.35356094671984356,0.8451585599200307,0.2881240238087462,-0.3055372447752704,-0.14267685045984482,10.99
0.7715548247072859,1.341580353491482,0.24600227974201838,-0.48081490870666493,1.2914691488278647,0.009569850994883175,0.19345829935967093,0.004294025439931978,0.4438490750352909,0.22743017197864596,0.37826596357108255,-0.24991973335896742,-0.22193828312407607,0.9566450970554664,14.71
0.10224663540301537,-0.4173646457233373,0.5826369783363594,0.10452498015362267,-0.6870441936525175,0.13218643782212278,0.9339978098158653,0.2604878184510239,0.3681699561544352,-0.5090834590994187,-0.37864024265494084,1.215904605078714,-0.1825503108076478,0.16650744727883643,21.762
0.1658460561061361,-0.22192631247724626,1.0314832431288141,-1.3588247419970965,2.0828744858200174,-0.4140147216810354,-0.6220618017798357,-0.8425101980421228,-0.7367089996559404,-0.5045787885729474,-0.621590344574012,0.6433708634771723,0.494279744099137,0.7676991373262723,1.12
4.411864524000196,-0.22192631247724626,-1.1005365146353459,-0.18814496427652114,2.0828744858200174,0.9793555831739598,-0.40986132474817544,-0.9260105854941062,-0.7180356426816736,-0.6892702801582724,-0.6109668495635395,-0.5465335994898867,-1.4325155547269488,2.67433564004814,5.607
-0.17940794199651927,1.9278953532297551,0.35821384594013206,0.3971949245837665,0.5000638118357118,-0.4753230150946552,-0.43202345608299586,0.1498796659745557,0.2257772224707957,-0.013569701187570914,0.09906585691929504,0.8296167794198428,0.27644014210419776,0.11497673098905623,3.964
0.5868136502839352,-0.22192631247724626,-0.31505555124855,-1.6514946864272402,2.0828744858200174,0.9626351395156998,-0.2529503460988546,-0.8377663391628379,-0.7174524948851452,-0.47529843015088363,-0.5834148101643735,0.08118411720577949,-0.03946747259695021,0.8965259280507227,8.529
0.37481558127353276,-0.22192631247724626,0.6948485445344731,1.2752047578741978,-0.6870441936525175,-0.5700721958247948,-0.4904789732274525,1.097804324174509,1.1977150858159042,0.45942070409192015,0.6368204901318537,0.0846331156491622,-0.6560098147745083,0.10638827827409286,2.513
-0.773002535225646,-0.22192631247724626,0.6948485445344731,0.3971949245837665,-0.291341525156441,-0.6202335267995747,-0.6899381552408362,0.8027278307064216,0.34859206083558464,0.44590669251250614,0.664568475502548,0.6399218650337897,0.5264331908880584,-0.6064532970678668,0.129
0.4020724758605845,1.2764342424094517,-0.7639018160410047,0.6898648690139103,0.10436114333963542,-0.5087639024111751,-0.3808266161004665,0.6693660979625266,1.0672247883225643,1.7995601857171448,0.7700713850296586,0.1743070751771144,-0.17451194911041804,0.5443993667372247,4.413
-0.12792269666542153,-0.28707242355927665,0.6948485445344731,0.9825348134440541,-0.6870441936525175,-0.4307351653392953,0.5407165035850626,0.6043921736694645,0.7834819198064007,-0.25231723909055215,0.007910264112651692,0.7951267949860151,0.3608429399251155,0.24380352171350675,6.961
-0.42169144943697917,0.559827020507118,0.5826369783363594,0.6898648690139103,0.8957664803317883,-0.6258070080189947,-0.6899381552408362,-0.6582112805819067,-0.589831646117723,-0.4527750775185269,-0.33390263882650517,-0.19818475670822588,1.1011760522400196,0.2352150689985434,0.0
-1.6088806358952326,-0.28707242355927665,-0.20284398505043635,-0.18814496427652114,-1.0827468621485938,-0.547778270947115,-0.6840694375354482,-1.0389652538805063,-1.0510526111431482,-0.7050366270009222,-0.7810827311393331,-0.2913077146795608,-1.2130682803925634,-2.100844069471493,0.089
-0.6670035007204448,-0.4173646457233373,0.1337907135439047,0.10452498015362267,-0.6870441936525175,-0.1687815480265562,0.49477062154945933,-0.20332604111791122,-0.39426336147653235,-0.6599899217362087,-0.5284846228126356,0.8744537591838186,0.2185639378841402,-0.5978648443529034,8.563
0.14464624920509586,-0.22192631247724626,0.5826369783363594,-0.48081490870666493,-0.291341525156441,-0.6258070080189947,-0.6899381552408362,-0.24030272684662254,-0.04405300889293334,0.9932241614787743,-0.09964965399002541,0.339859000459488,0.2008795421502338,0.5100455558773712,0.0
-0.0885516267063468,0.16895035401493583,-0.7639018160410047,0.3971949245837665,1.2914691488278647,0.3049643556241422,1.2531479450312408,0.020719636809455745,0.2017215261394581,1.3986445088611952,0.37383300405936676,-0.09816380185012524,0.45649944412215504,0.3640418597229939,21.898
-0.3611205725768642,0.8204114648352393,1.5925410741193826,0.6898648690139103,0.10436114333963542,-0.6258070080189947,-0.6899381552408362,0.4885488340726427,0.32157585056312193,0.38959831093161434,0.3269985238602917,1.0572506766831062,0.03930847203590635,-0.2800920938992587,0.0
-0.2127219242695825,-0.4173646457233373,1.2559063755250415,0.10452498015362267,-0.6870441936525175,-0.3527064282674156,0.14504137829022007,0.3567373266410853,0.38935183675450347,-0.12168179382288316,-0.3164821088815936,0.7502898152220387,0.21374092086580246,0.02909220383942254,8.303
-0.20363629274056524,0.755265353753209,0.8070601107325868,-0.48081490870666493,0.8957664803317883,-0.5533517521665349,-0.6899381552408362,-0.4692786295378177,-0.38992880876247626,-0.4662890890979409,-0.30969440470770343,0.7364938214485078,0.49347590792941415,0.21803816356861666,0.987
-0.40049164253593894,-0.15678020139521592,1.5925410741193826,-0.18814496427652114,-0.291341525156441,-0.6258070080189947,-0.689706495331413,0.9650609873202349,0.803892945040161,0.7206915946272581,1.0040520813083005,0.11222510319622446,0.2635787633886297,-0.20279601946458842,0.076
1.3076070849193033,0.42953479834305724,-0.4272671174466637,-0.7734848531368087,2.0828744858200174,-0.6258070080189947,-0.6899381552408362,-0.8565469376188638,-0.6747830433104094,-0.6667469275259157,-0.6080946718163772,0.3640019895631676,-0.21791910227546119,1.6179559561076458,0.0
1.4590342770695908,-0.352218534641307,-0.5394786836447774,0.3971949245837665,-0.6870441936525175,0.23250909977168238,1.391217251047474,0.7174484961747065,1.3464080718127684,0.024719998287435506,0.2019536087398193,0.06738812343224805,-0.9944248422279011,0.853583664475906,32.958
2.0617145018277347,-0.28707242355927665,0.021579147345791017,-0.7734848531368087,-0.6870441936525175,0.6170793039116611,-0.47773767820917595,-0.8143604782995093,-0.6437220179753264,-0.7117936327906291,-0.7455639187332718,-1.3329052445811607,-1.1013350528010628,1.274417847509111,7.27
0.2536738275533028,0.8855575759172697,0.1337907135439047,1.5678747023043418,0.8957664803317883,3.9165801858082894,2.047664214383043,-0.5188095989434935,-0.2849795787026047,0.5855514788331178,0.030617094034029613,-0.8672904547244851,0.5087487951541514,0.9051143807656862,55.04
-0.5610044662152436,-0.352218534641307,0.8070601107325868,1.2752047578741978,-1.0827468621485938,-0.17992851046539618,-0.5780464189894259,-1.016643703618157,-1.0031131837851788,-0.6847656096318011,-0.7834688610869904,-1.9330309737297642,-0.0844822981014391,-0.6064532970678668,0.706
-0.7306029214235655,-0.4173646457233373,-0.31505555124855,-0.48081490870666493,-0.6870441936525175,-0.39729427802277545,-0.5533360286509501,-0.9000125446003112,-0.9169428343855113,-0.7072889622641578,-0.7541660317084555,-1.5019061683069166,0.3753119909801299,-0.6150417497828301,0.926
0.22338838912324532,-0.15678020139521592,1.143694809326928,-1.0661547975669525,1.2914691488278647,0.10431903172502285,0.09461673800576803,-0.3517156410972551,-0.20745007020966663,-0.506831123836183,-0.12718048711521657,0.23294004871462165,-0.06599406619780983,0.40698412329781075,11.469
0.06287556544394064,-0.48251075680536765,-1.2127480808334594,0.10452498015362267,-0.6870441936525175,-0.2858246536343758,-0.2802089954409856,-0.13912299389273297,-0.20146268489188354,-0.4392610659391129,-0.5904519001202085,0.7364938214485078,-0.6423445998892173,-0.21997292489451514,6.802
0.1355606176760786,1.4718725756555426,0.47042541213824574,-1.6514946864272402,1.6871718173239412,0.34397872416008196,0.3202534897839745,-0.297305273987172,-0.12265514860631901,-0.027083712766984944,0.08024740939395718,-0.2878587162361781,0.17274527620992788,0.4756917450175177,16.316
-0.22786464348461125,-0.09163409031318558,0.021579147345791017,0.6898648690139103,-0.291341525156441,-0.6146600455801546,-0.6897837153012207,0.6979563188867879,0.680921673177651,0.1598601140815758,0.5896993011086379,0.5605949008359855,0.13737648474211506,-0.03961541788028441,0.426
-0.07946599517732955,-0.4173646457233373,0.8070601107325868,0.3971949245837665,-0.6870441936525175,0.29939087440472223,0.701565700694578,-0.32542110902350485,-0.3100245964197701,-0.5293544764685397,-0.5663208568386755,0.0846331156491622,-0.13190863211509773,-0.022438512450357672,15.017
-0.5004335893551286,-0.15678020139521592,-0.5394786836447774,-1.3588247419970965,-0.291341525156441,-0.4976169399723351,-0.14638678776417802,1.355345034260255,1.135960873794085,0.15760777881834015,1.0564476947945567,0.6916568416845315,0.47579151219550775,-0.22856137760947853,6.669
-0.43986271249501363,1.8627492421477247,1.2559063755250415,0.9825348134440541,0.5000638118357118,-0.48089649631407516,-0.3812899359193129,0.3556106601572551,0.4110295987044034,0.24094418355806,0.20600994482574067,1.1055366548904648,0.8560060204744973,0.07203446741423938,4.438
2.4554252014184823,0.03865813185087513,0.9192716769307004,-1.6514946864272402,-0.6870441936525175,1.0462373578069997,-0.4226798397362597,-0.8989790610587527,-0.6812742968625101,-0.6915226154215082,-0.7517222206955865,-1.2052923021759978,-0.5941144297058358,2.4338589640291657,6.795
1.4953768031856598,0.2992425761789965,0.47042541213824574,-1.3588247419970965,2.0828744858200174,1.558997629993638,-0.3269270771746663,-0.8989875322353229,-0.7195672093343893,-0.6419712396303233,-0.6054379498128002,-0.36373668199059916,-0.14878919167928129,1.9357287065612905,8.89
0.4414435458196592,-0.48251075680536765,0.9192716769307004,-1.0661547975669525,-0.6870441936525175,0.4777422734261616,-0.5421391330288283,-0.9632922335793429,-0.8882977100711621,-0.6802609391053298,-0.7694803545221788,-1.8709490017488741,0.12531894219626982,0.853583664475906,2.991
-0.3550634848908527,0.16895035401493583,1.7047526403174962,-1.6514946864272402,0.8957664803317883,1.0573843202458395,0.4472803401177013,-0.6940867133564983,-0.666421290875801,-0.5608871701538392,-0.32515377843541504,-0.5534315963766523,0.5103564674935978,0.0033268456945324335,14.176
-1.7179082142434396,-0.48251075680536765,0.24600227974201838,-0.48081490870666493,-0.6870441936525175,-0.3192655409508957,-0.6375830157111908,-0.9963721780857846,-1.0407876125473488,-0.7050366270009222,-0.7638072521084099,-1.8812959970790226,0.7949144715755477,-1.9891941841769691,0.619
-0.255121538071663,-0.28707242355927665,0.35821384594013206,-1.3588247419970965,-0.291341525156441,-0.39729427802277545,-0.27796961631656125,0.3705368732738621,0.217022123867426,-0.11717712329641182,0.3593550566912141,0.5709418961661342,-0.2018423788810005,-0.2886805466142221,7.133
0.286987809826366,-0.15678020139521592,-1.2127480808334594,-0.7734848531368087,-0.6870441936525175,-0.6202335267995747,-0.6898609352710285,-1.053425552285755,-1.0343721975677,-0.7230553091068075,-0.7759100967913724,-2.4365847464636503,-1.7371694630519743,-0.8641068785167678,0.003
-0.33992076567582397,-0.352218534641307,-1.3249596470315732,1.2752047578741978,-0.6870441936525175,-0.31369205973147574,0.5807164479454702,0.2084324384274429,0.17655182252733154,-0.48205543594059064,-0.2766456990942399,1.1641696284279721,0.3085935888931191,-0.09114613417006462,8.527
-1.5240814082910716,-0.15678020139521592,-0.5394786836447774,0.6898648690139103,-1.0827468621485938,-0.4363086465587153,-0.6714053624869795,-1.0048602970090763,-1.0402677600211545,-0.6847656096318011,-0.763574831345645,-0.3326956960001542,-0.6552059786047855,-1.9290750151722256,0.35
1.1198373666529469,-0.48251075680536765,0.24600227974201838,1.5678747023043418,-1.0827468621485938,0.16562732513864253,-0.473027260050904,-0.9256886807844404,-0.8208662648176505,-0.6036815401553169,-0.7629165886014636,-1.5122531636370653,-0.4614814617015372,1.1198256986397703,2.775
2.3342834476982524,-0.22192631247724626,0.47042541213824574,1.2752047578741978,-1.0827468621485938,-0.21894287900133608,-0.49032453328783704,-0.9468835645629595,-0.8293963521549252,-0.630709563314145,-0.7755504383847579,-1.7985200344378358,-1.1182156123652465,1.4977176180981586,1.237
-0.5852328169592896,-0.28707242355927665,-0.31505555124855,1.5678747023043418,-0.6870441936525175,-0.3527064282674156,0.12079430777059076,-0.22826518494043727,-0.37276128993951735,-0.2230368806684884,-0.4000899646550859,-0.08781680651997682,0.22740613575109342,-0.4776265063434162,4.948
-0.4368341686520079,-0.352218534641307,-0.09063241885232266,0.6898648690139103,-0.6870441936525175,-0.525484346069435,0.6683611136772513,3.6760746827126805,2.331626419347707,3.263578106820331,3.0599443586128294,-0.1326537862839529,-0.5097116318849181,-0.6837493715025371,10.314
-0.5973469923313126,-0.15678020139521592,-1.2127480808334594,-1.3588247419970965,0.10436114333963542,-0.3359859846091557,0.4229560496282642,1.1901486199657305,0.8099486240078972,0.9121400920022902,0.9847764265160635,0.6985548385712969,0.3817426803379139,-0.4175073373386726,13.915
0.1779602314781591,-0.4173646457233373,-0.8761133822391184,0.9825348134440541,-0.6870441936525175,-0.2579572475372759,1.3080513435645416,1.2299970345517233,1.6558476520422865,-0.18474718119348196,0.5949423402861954,0.6399218650337897,0.06261972095787395,0.4499263868726276,18.031
-0.07643745133432381,-0.02648797923115522,1.5925410741193826,0.9825348134440541,-0.291341525156441,0.23250909977168238,7.075765328444008,4.592986363489309,4.227006362198184,7.245706852220999,9.960785700661084,-1.3122112539208637,-0.3103602617936087,-0.14267685045984482,103.117
-0.2248360996416055,-0.09163409031318558,-0.7639018160410047,0.6898648690139103,-0.291341525156441,-0.6202335267995747,-0.6899381552408362,0.9250600915559796,0.8168825656277781,1.1238596067464433,0.8607426265387149,0.42953295998744023,-0.029017602390550706,-0.14267685045984482,0.134
-1.0849425510552382,-0.48251075680536765,0.47042541213824574,0.3971949245837665,-0.6870441936525175,-0.4028677592421955,1.0593258208138219,1.6789524504166127,0.13578842672927802,2.5158027994260883,0.8167430010446063,-0.1292047878405702,-0.43415103193095417,-1.3880024941295332,13.084
-0.3611205725768642,0.2340964650969662,0.1337907135439047,-1.3588247419970965,0.10436114333963542,-0.23566332265959597,1.3417192504007147,2.265835563196709,2.017308831003232,1.5968500120259344,2.046111419416349,0.43987995531758833,0.2145447570355253,-0.1770306613196983,27.575
-0.29146406418773196,-0.02648797923115522,0.24600227974201838,-1.3588247419970965,-0.6870441936525175,-0.37500035314509556,-0.09024786971395349,-0.5241972672421099,-0.6568436063077919,-0.5383638175214824,-0.6313664368764469,0.5088599241852443,-0.7942696359668682,-0.6923378242175005,2.988
0.4141866512326075,16.390332013440492,-0.9883249484372321,1.2752047578741978,1.6871718173239412,1.1242660948788794,0.36311057302726835,-0.392190922749439,-0.2038245192294955,0.0810283798683273,-0.09167270197162211,-0.005040843878790015,-0.14235850232149666,0.5873416303120416,25.936
-0.07038036364831231,-0.4173646457233373,-0.5394786836447774,-0.18814496427652114,-0.6870441936525175,-0.4028677592421955,-0.3005178475004204,-0.21283070122962122,-0.29840845689114737,-0.6014292048920813,-0.5353257667969425,0.6985548385712969,-0.5595494744077459,-0.3058574520441488,4.123
-0.5882613608022953,-0.09163409031318558,0.021579147345791017,-0.7734848531368087,0.8957664803317883,1.3249114187779987,5.652137965068575,0.5042374530805632,0.37047937590492563,3.3852042110350573,0.7441980342783466,0.10877610475284176,0.734626758846321,-0.22856137760947853,65.978
-0.6397466061333931,-0.22192631247724626,-0.4272671174466637,-1.6514946864272402,-0.291341525156441,-0.6258070080189947,-0.6899381552408362,-0.16262203769833325,-0.4372891501650391,-0.3581769964626287,-0.16452643208695647,1.0986386580036995,-0.2693646171377347,-0.7953992567970609,0.0
-0.6124897115463414,-0.02648797923115522,1.4803295079212688,-0.48081490870666493,-0.291341525156441,-0.6202335267995747,-0.6899381552408362,1.2379853540573762,0.6969800357787771,1.1486352946420357,1.4111896388507386,0.0880821140925449,0.0971846762559639,-0.5806879389229767,0.182
0.06893265312995213,-0.4173646457233373,-1.3249596470315732,0.3971949245837665,-0.6870441936525175,-0.36385339070625555,-0.22592335666614677,-0.24634267574114058,-0.14654679285710562,-0.40097136646410647,-0.4908426382562059,0.7089018339014456,-0.045094325785011394,0.22662661628358002,4.646
-1.3302546023387039,-0.48251075680536765,-1.5493827794278006,-1.6514946864272402,-0.6870441936525175,-0.3359859846091557,-0.6050734084221336,-1.0193968360034564,-1.040276715012851,-0.6577375864729731,-0.7793768984607912,-1.339803241467926,-1.0876698379157719,-1.826013582592665,0.437
0.09618954771700387,-0.352218534641307,1.5925410741193826,-0.48081490870666493,-0.6870441936525175,0.3216847992824021,-0.19318208946766643,-0.5564046805618259,-0.5141616611179396,-0.6847656096318011,-0.6641878112328994,0.129470095413138,-0.287852849041364,0.08062292012920275,10.76
-0.5458617470002148,0.03865813185087513,-1.2127480808334594,0.10452498015362267,0.8957664803317883,0.9459146958574398,1.0328393711697683,-0.3884720762351425,-0.4245671901752981,-0.3446629848832147,-0.1976031299820669,0.43643095687420563,0.6389702546492815,-0.21138447217955178,23.39
-0.3005496957167492,-0.15678020139521592,-0.651690249842891,-0.18814496427652114,-0.291341525156441,-0.6202335267995747,-0.6829111379883323,1.5664298120352902,1.5959214474147607,0.9774578146361247,1.4814434797767486,0.21914405494109082,0.415503799466281,0.02909220383942254,0.441
-0.01586657447420883,-0.352218534641307,1.7047526403174962,0.3971949245837665,-0.6870441936525175,-0.4307351653392953,-0.3954984103639364,0.15406442720021057,0.10565500594535764,-0.46854142436117663,-0.4055645763444494,0.9089437436176468,-0.40038991280258707,-0.13408839774488146,5.096
0.19613149453619358,-0.352218534641307,-0.4272671174466637,1.2752047578741978,-1.0827468621485938,-0.1297671794906164,-0.4219076400381824,-0.9326858726313856,-0.893700474385792,-0.5541301643641321,-0.7700554686723784,-1.5191511605238308,-0.37547099154117375,0.13215363641898298,1.67
0.5050429665227799,0.2992425761789965,0.8070601107325868,0.10452498015362267,2.0828744858200174,1.5255567426771182,-0.5388186743270956,-1.0220398430933437,-0.9714573407525197,-0.7140459680538649,-0.7425517795778751,-0.17059276916116362,-0.1656697512434648,0.6818146101766386,3.145
-0.5943184484883068,-0.4173646457233373,-0.4272671174466637,0.6898648690139103,-0.6870441936525175,-0.19107547290423615,0.23693314236142668,-0.5472134539832115,-0.6667557193024836,-0.6622422569994444,-0.6708779665465049,-1.136312333308342,-0.12547794275731367,-0.6665724660726103,5.016
-0.14912250356646178,1.0809959091633605,1.4803295079212688,-0.18814496427652114,0.10436114333963542,-0.6258070080189947,-0.6899381552408362,0.8451091270868897,0.96734457813943,0.38959831093161434,0.6355150319059581,0.8916987514007327,0.26599027189779884,0.1493305418489097,0.0
-0.1884935735255365,0.3643886872610269,-0.7639018160410047,-0.7734848531368087,1.2914691488278647,-0.012724073882796769,0.5283613084158247,0.2336087751939332,0.33493716118211897,1.002233502531717,0.4798262026407773,0.14326608918666944,0.36164677609483836,0.15791899456387307,17.152
-1.8753924940797386,-0.4173646457233373,-1.6615943456259141,0.10452498015362267,-1.0827468621485938,-0.6258070080189947,-0.6899381552408362,-0.9669094259747977,-1.0475163470073305,-0.6599899217362087,-0.7747166076920643,0.24328704404476978,0.7820530928599796,-2.2382593129109067,0.0
-0.5064906770411401,1.4718725756555426,1.0314832431288141,-1.3588247419970965,0.5000638118357118,0.2882439119658822,1.6107536252108692,0.11876503443238925,-0.016309045070835547,-0.1487098169817112,0.15115270705647654,0.8572087669669051,0.3343163463242559,-0.3144459047591122,23.458
-0.34900639720484117,-0.09163409031318558,-0.7639018160410047,1.5678747023043418,1.6871718173239412,-0.2691042099761159,-0.5690889024917284,-0.730080742603072,-0.6493805204370778,0.8288036872625704,-0.48451044484729683,0.18465407050726254,1.1051952330886345,0.3640418597229939,2.727
-0.760888359853623,-0.4173646457233373,0.5826369783363594,-0.18814496427652114,-0.6870441936525175,-0.2969716160732158,-0.1239929965199344,-0.48111286320631935,-0.6144840227007262,-0.6937749506847438,-0.6122154749751824,0.49851292885509557,0.39058487820486715,-0.6493955606426836,4.274
-0.021923662160220327,-0.02648797923115522,0.021579147345791017,0.9825348134440541,-0.291341525156441,-0.6258070080189947,-0.6897837153012207,0.3413113141068394,0.331087714363726,-0.13970047592876852,0.407675672570451,0.3674509880065503,-0.2556994022524432,-0.03961541788028441,0.022
-0.021923662160220327,-0.02648797923115522,0.1337907135439047,0.3971949245837665,1.2914691488278647,0.29939087440472223,0.8211794339267621,-0.18666323680442323,0.007502467262478833,-0.1104201175067048,0.047784845193160244,0.14326608918666944,0.4782030207046769,0.4756917450175177,17.706
-0.5670615539012551,-0.02648797923115522,1.143694809326928,0.10452498015362267,-0.291341525156441,-0.6258070080189947,-0.6899381552408362,0.3061559313407107,-0.09537732840604522,0.0810283798683273,0.2844570417646981,0.6399218650337897,-0.3425137085825295,-0.7438685405072807,0.035
-0.052209100590277814,-0.15678020139521592,0.35821384594013206,1.5678747023043418,-0.6870441936525175,-0.6258070080189947,-0.6897837153012207,0.1482786136027971,0.20055162119017092,-0.15997149329788957,-0.10726864410373219,0.18810306895064585,-0.04348665344556509,0.07203446741423938,0.047
-0.27329280112969745,-0.352218534641307,0.1337907135439047,-0.18814496427652114,-0.6870441936525175,-0.38057383436451553,-0.2632206020832836,-0.15534529702457311,-0.2821562939585584,-0.6149432164714953,-0.5017621728513681,0.8606577654102878,-0.3336715107155763,-0.3917419791937825,4.843
-0.5700900977442609,-0.15678020139521592,-0.9883249484372321,0.3971949245837665,-0.291341525156441,-0.6258070080189947,-0.6897837153012207,0.08189000282251975,-0.10314316876101359,0.06976670355214894,0.17449572519710185,0.39504297555361256,0.2909091931592127,-0.426095790053636,0.055
-0.3883774671639159,-0.22192631247724626,-0.5394786836447774,-1.0661547975669525,-0.6870441936525175,-0.6258070080189947,-0.6899381552408362,1.1154328426169944,0.3143427112006949,1.5630649830773993,0.24083064669254794,-0.2395727380288193,-0.9960325145673473,-0.9070491420915846,0.0
-0.11580852129339854,-0.4173646457233373,1.7047526403174962,-1.6514946864272402,-0.6870441936525175,-0.4251616841198754,-0.6429884135977324,-1.002157991683198,-0.989079764735338,-0.6960272859479795,-0.7812829183656563,-2.0123579379275682,-0.7950734721365916,-0.5119803172032696,0.374
0.6958412286321422,-0.02648797923115522,-1.2127480808334594,1.5678747023043418,-1.0827468621485938,0.1823477687969025,-0.5385870144176724,-0.9812003008486432,-0.9259959416432232,-0.630709563314145,-0.7771163096550654,-1.7433360593437117,-0.5571379658985768,0.5443993667372247,1.876
-0.11580852129339854,0.9507036869993001,-1.4371712132296868,1.5678747023043418,0.5000638118357118,-0.4195882029004554,-0.4144173029668319,-0.22663024786239802,-0.050065123036200296,-0.22754155119495972,-0.03662545598754275,0.22604205182785625,0.6462047801767884,0.4499263868726276,3.736
-0.13700832819443878,-0.15678020139521592,-1.2127480808334594,-0.48081490870666493,-0.291341525156441,-0.6258070080189947,-0.6899381552408362,0.9374364805249709,1.1657966226566059,0.5022150740933979,0.8195973655216295,0.5226559179587752,0.42434599733323425,0.2695688798583969,0.0
0.4505291773486765,-0.352218534641307,1.143694809326928,1.2752047578741978,1.6871718173239412,0.7062550034223808,-0.02298927601141487,-0.6459789016146079,-0.56205575580349,-0.4527750775185269,-0.4657870014293666,0.7399428198918906,-0.5016732701876884,0.32109959614817707,12.565
1.1046946474379182,-0.352218534641307,-0.09063241885232266,1.2752047578741978,-1.0827468621485938,-0.1687815480265562,-0.2954985494629175,-0.7643042959464841,-0.5912648236137261,-0.38520501962145676,-0.7068226009339825,-0.5051456181692933,-0.4614814617015372,1.1026487932098437,3.172
-0.6548893253484218,1.2112881313274213,-1.6615943456259141,0.6898648690139103,0.8957664803317883,-0.514337383630595,-0.6899381552408362,-0.7113594423830372,-0.6970266849706168,-0.6217002222612023,-0.3396130642824698,-0.5051456181692933,1.2434550542809943,-0.09114613417006462,0.877
-0.3580920287338584,-0.09163409031318558,-0.20284398505043635,1.2752047578741978,-0.291341525156441,-0.6202335267995747,-0.6897837153012207,0.8644657655496858,0.8511281480628707,0.34680394093013656,0.6742979140022382,0.684758844797766,0.47096849517716943,-0.022438512450357672,0.343
1.3197212602913264,1.4067264645735125,0.5826369783363594,-0.18814496427652114,0.5000638118357118,0.5167566419621014,2.761022295466914,1.475669626262687,2.9511748575762873,1.2274670288552842,1.8725932032440202,-0.1257557893971875,-0.39235155110535674,1.4290099963784517,62.047
-0.3914060110069217,-0.352218534641307,-0.20284398505043635,1.2752047578741978,-0.6870441936525175,-0.46417605265581524,0.2294428052900762,0.4105208266849772,0.08266365930865668,-0.09240143540081942,-0.1969711830176145,1.3124765614934322,-0.39235155110535674,-0.5635110334930499,5.187
-0.2763213449727032,-0.09163409031318558,1.4803295079212688,0.10452498015362267,1.2914691488278647,0.2157886561134224,0.810368638153679,-0.11422620595305771,-0.01409963500434471,0.858084045684634,0.14790136113064287,0.1260210969697553,0.6365587461401123,0.2008612581386899,17.41
-0.2854069765017205,-0.4173646457233373,-1.3249596470315732,0.6898648690139103,-0.6870441936525175,-0.5422047897276949,-0.5419074731194051,-0.1883066450590326,-0.23599296450717497,-0.6284572280509093,-0.42297747203073005,0.3433079989028707,0.028054765659783987,-0.1856191140346617,1.613
2.267655483152126,-0.09163409031318558,0.24600227974201838,-1.0661547975669525,-0.6870441936525175,-0.3359859846091557,-0.5033747081853445,-0.8833243267571127,-0.6777371593256222,-0.6689992627891514,-0.7400316259786964,-1.2984152601473327,-0.6736942105084147,2.1074977608605576,1.283
-0.4156343617509677,-0.352218534641307,1.3681179417231553,0.3971949245837665,-0.6870441936525175,-0.28025117241495584,0.6154654343589517,-0.341643412155345,-0.45302074501393047,-0.4370087306758772,-0.629362868111297,-0.36028768354721646,-0.12387027041786738,-0.44327269548356274,5.447
0.13253207383307286,-0.352218534641307,-0.20284398505043635,0.3971949245837665,-0.6870441936525175,0.08202510684734292,0.7142297757430468,0.11524949615577637,0.1521106195910565,-0.30637328540820824,-0.43230568782681483,1.3745585334743222,-0.4028014213117562,0.037680656554385905,18.101
-1.978362984741934,-0.352218534641307,-0.5394786836447774,0.3971949245837665,-1.0827468621485938,-0.5923661207024747,-0.6801312190752536,-1.021726409560248,-1.0565069903041606,-0.6915226154215082,-0.7823780103537209,-0.3740836773207476,2.3752563812510106,-2.384263009065284,0.051
-0.05826618827628931,-0.48251075680536765,0.8070601107325868,-1.0661547975669525,-0.6870441936525175,-0.4976169399723351,-0.5527182688924882,-0.7506487593153999,-0.7635825088210043,-0.6712515980523871,-0.7539310661928135,-1.060434367553921,-0.5667839999352529,-0.2972689993291855,0.94
-1.954134633997888,0.2992425761789965,-1.6615943456259141,0.9825348134440541,-1.0827468621485938,-0.44745560899755527,-0.5426024528476747,-0.9405471244884862,-1.048661523131134,-0.7027842917376865,-0.7546003361994618,0.03979613588518578,3.913798810100876,-2.2983784819156505,0.571
-0.7881452544406747,-0.4173646457233373,1.2559063755250415,0.9825348134440541,-0.6870441936525175,-0.11304673583235643,0.29036936146838044,-0.360263058256538,-0.7748548334921649,-0.5338591469950111,-0.5157905472112526,-0.38098167420751333,-1.4686881823644846,-1.4910639267090937,7.98
2.104114115629815,-0.48251075680536765,-1.6615943456259141,-1.6514946864272402,-0.6870441936525175,1.4196605995081384,-0.436965534150691,-0.9323639679217198,-0.7600109298178147,-0.6149432164714953,-0.7688653725769062,-1.5812331325047206,-0.47675434892627444,2.2191476461550814,6.874
0.2294454768092568,0.10380424293290548,-0.9883249484372321,-1.3588247419970965,2.0828744858200174,0.8623124775661404,-0.1293211744366682,-0.740873021553445,-0.6558476765379622,-0.6554852512097373,-0.567422734834412,1.2400475941823934,-0.08046311725282422,0.40698412329781075,11.018
-0.279349888815709,2.1884797975578767,1.3681179417231553,-1.6514946864272402,1.2914691488278647,0.7062550034223808,0.3383229627189849,-0.5893236727134347,-0.5210323285132947,-0.42799938962293455,-0.19777956618153816,-0.5154926134994416,0.6606738312318028,0.20944971085365327,14.183
-0.3247780464607952,-0.22192631247724626,-0.4272671174466637,0.3971949245837665,-0.291341525156441,-0.6258070080189947,-0.6898609352710285,0.6086362331311104,0.3350551755556519,0.2522058598742384,0.578437921377,0.47781893819479937,-0.27257996181662675,-0.4175073373386726,0.064
-0.7790596229116575,0.559827020507118,-1.4371712132296868,-0.48081490870666493,0.8957664803317883,0.7006815222029608,1.1553874632546464,-0.2668768077471878,-0.35471955978263214,-0.09690610592729076,-0.030272056304658797,0.2122460580543248,1.1799519968728756,-0.33162281018903894,23.15
-0.08552308286334105,-0.02648797923115522,-0.5394786836447774,0.9825348134440541,1.2914691488278647,0.4944627170844215,0.6815657285143742,-0.32021980660943183,-0.15727696696751883,-0.38520501962145676,0.0868052375579593,-0.32234870067000576,0.5738595249017164,0.4499263868726276,18.243
-0.5034621331981344,0.16895035401493583,-0.5394786836447774,-1.6514946864272402,0.10436114333963542,-0.6146600455801546,-0.6897837153012207,1.11072286844399,0.9883363519475018,0.8220466814728633,0.7757478804472633,0.9054947451742635,0.6445971078373427,-0.14267685045984482,0.444
-0.8487161313007897,-0.02648797923115522,0.24600227974201838,-0.18814496427652114,-0.291341525156441,-0.6258070080189947,-0.6898609352710285,0.6941358182536496,0.1754245879556346,0.46843004514486286,0.7236423687889839,0.3605529911197849,0.48704521857163013,-0.7352800877923172,0.018
-0.20969338042657676,-0.22192631247724626,0.24600227974201838,0.10452498015362267,-0.291341525156441,-0.07960584851583652,1.370676739078616,1.490316290552479,1.312839838214941,0.9301587741081756,0.9906743154339663,1.1124346517772308,-0.09895134915645348,-0.16844220860473494,29.74
-0.1006658020783698,-0.22192631247724626,0.8070601107325868,-1.6514946864272402,2.0828744858200174,-0.6258070080189947,-0.6899381552408362,-0.7675572277494223,-0.694586918002565,-0.22754155119495972,-0.5621881781664444,0.7744328043257183,0.45810711646160135,0.3468649542930672,0.0
-0.049180556747272064,1.0158497980813304,0.9192716769307004,0.9825348134440541,0.10436114333963542,0.678387597325281,5.352215602335326,1.8172274655711955,2.0429018710618343,2.5135504641628525,1.668722871256878,0.49161493196833017,0.13737648474211506,0.2008612581386899,80.265
0.45658626503468797,-0.28707242355927665,-1.3249596470315732,0.10452498015362267,2.0828744858200174,0.17120080635806253,-0.549552250130371,-1.0185751318761516,-0.9651889097023857,-0.7185506385803362,-0.7448081271288058,-0.04642882519938342,-0.026606093881381545,0.7419337791813821,1.226
1.710403416039068,-0.22192631247724626,1.3681179417231553,-1.6514946864272402,2.0828744858200174,0.5167566419621014,-0.36051776404103175,-0.7629827924015404,-0.4267960781379466,-0.5721488464700175,-0.4016965519714253,-0.5465335994898867,-0.051525015142795436,2.330797531449605,7.934
0.38390121280255,0.03865813185087513,-0.8761133822391184,-1.6514946864272402,0.8957664803317883,-0.536631308508275,-0.6899381552408362,-0.07671583610042686,0.2249992957126896,-0.11717712329641182,0.11006427885364396,0.21914405494109082,0.022427912471722804,0.6904030628916019,1.935
-0.44591980018102517,-0.15678020139521592,-0.5394786836447774,-0.48081490870666493,-0.291341525156441,-0.6146600455801546,-0.6752663609773663,1.090197207614513,0.7340770622502543,0.5517664498845827,0.8333653268371021,0.8227187825330774,0.007958861416708414,-0.4089188846237093,0.494
-0.8063165174987093,-0.352218534641307,-0.5394786836447774,1.2752047578741978,-0.6870441936525175,-0.49204345875291505,0.3790951067774698,0.7391940064302854,0.26522678103234104,-0.05185940066257733,0.13712687744946903,0.9641277187117714,0.5272370270577813,-0.657984013357647,5.186
2.4857106398485396,-0.02648797923115522,-0.09063241885232266,-1.6514946864272402,-0.6870441936525175,-0.2133693977819161,-0.5197453417845846,-0.8893134485922098,-0.6641736300515935,-0.66449459226268,-0.755022765177042,-1.4570691885429408,-0.6318947296828179,2.4080936058842757,1.762
-0.22180755579859973,-0.22192631247724626,0.1337907135439047,0.3971949245837665,-0.291341525156441,-0.6202335267995747,-0.689706495331413,0.7356361122708217,0.5465635979663467,0.33103759408748684,0.6307173244818738,0.5881868883830478,-0.23801500651853677,-0.2715036411842954,0.184
0.05681847775792914,-0.22192631247724626,-0.4272671174466637,-1.0661547975669525,-0.291341525156441,-0.547778270947115,-0.4998998095439964,0.4639824220192033,0.3108104352456682,-0.10816778224346912,0.38261494623785774,0.7675348074389529,-0.6962016232606595,-0.262915188469332,2.588
1.1894938750420792,1.4067264645735125,0.6948485445344731,-0.48081490870666493,0.5000638118357118,-0.4418821277781353,-0.30244834674561377,0.4496661336156473,1.4319613580948285,-0.15546682277141824,0.4588116333825974,0.48126793663818207,-0.13592781296371262,1.5664252398178655,6.083
-0.06735181980530655,-0.352218534641307,-1.5493827794278006,0.10452498015362267,-0.6870441936525175,0.03743725709198303,0.4615660345321326,0.3460467018095541,0.13025222146317494,0.35356094671984356,-0.3460088765133036,0.6295748697036415,-0.703436148788167,-0.4003304319087459,20.139
1.1289229981819642,-0.48251075680536765,0.8070601107325868,-1.3588247419970965,-0.6870441936525175,-0.3861473155839355,-0.6541853092198542,-1.0702408377775057,-1.0376641829993547,-0.7185506385803362,-0.7835265421522022,-2.488319723114392,-1.4550229674791932,0.02909220383942254,0.106
-0.8275163243997495,-0.02648797923115522,-0.651690249842891,-0.18814496427652114,-1.0827468621485938,-0.31369205973147574,-0.6337992371906117,-0.9938562386444496,-1.0058215794583172,-0.6487282454200304,-0.7786109278448173,-0.7120855247722603,-0.49202723615101174,-1.1131720072507054,0.648
-1.3938540230418246,-0.352218534641307,-0.9883249484372321,-1.3588247419970965,-0.6870441936525175,-0.40844124046161545,-0.5602086059638387,-0.9612930359087872,-1.0198655003668105,-0.6892702801582724,-0.7800750090000453,-0.994903397129648,-0.3135756064725007,-1.7143636972981413,0.596
-0.17940794199651927,-0.4173646457233373,-1.4371712132296868,-0.48081490870666493,-0.6870441936525175,0.22693561855226238,-0.619050222957334,-1.0138058594671564,-0.9829339570908909,-0.7230553091068075,-0.7629030165861197,-1.9295819752863814,0.06342355712759681,-0.022438512450357672,1.399
-0.3550634848908527,-0.15678020139521592,-1.3249596470315732,-0.18814496427652114,-0.291341525156441,-0.6202335267995747,-0.685304957052372,0.7553654825027046,0.811990109564996,0.051748021446263566,0.6164845216408711,0.5502479055058375,0.6108359887089756,0.06344601469927602,0.248
1.3076070849193033,-0.09163409031318558,0.1337907135439047,1.5678747023043418,-1.0827468621485938,-0.24123680387901594,-0.40422426695221064,-0.695687765728257,-0.6064680318609053,-0.6577375864729731,-0.7007321590483876,-0.44306364618840327,-1.267729139933729,0.389807217867884,3.201
-0.4065487302219504,1.2764342424094517,0.021579147345791017,0.6898648690139103,0.5000638118357118,-0.531057827288855,-0.5728726810123075,-0.22051405837874863,-0.19693686786633985,-0.5406161527847181,-0.22906051679645295,1.1434756377676758,0.6462047801767884,0.0033268456945324335,1.782
-0.3944345548499274,-0.4173646457233373,-1.4371712132296868,-0.18814496427652114,-0.6870441936525175,-0.20222243534307613,0.1904467205371692,-0.22637611256529347,-0.3703573955527738,-0.5406161527847181,-0.5255836045328675,0.6295748697036415,-0.22997664482130642,-0.4776265063434162,7.779
1.0441237705778033,-0.28707242355927665,0.6948485445344731,-1.3588247419970965,-0.6870441936525175,-0.525484346069435,-0.5345715759876701,-0.7912680509692763,-0.76067480933737,-0.6554852512097373,-0.7527435148502183,-0.5913705792538627,-1.408400469635258,0.011915298409495801,0.644
-0.003752399102185834,-0.28707242355927665,0.47042541213824574,0.6898648690139103,0.5000638118357118,-0.6090865643607347,-0.6899381552408362,-0.3293940908349059,-0.14355161646868514,-0.4167377133067562,-0.2927963973535337,0.9158417405044124,0.5256293547183349,0.5358109140222613,0.255
-0.6094611677033356,0.8204114648352393,-0.651690249842891,-1.0661547975669525,0.10436114333963542,-0.6258070080189947,-0.6899381552408362,0.8035325924805861,0.5813917178695092,0.05625269197273491,0.4815786891220641,1.2055576097485659,0.6494201248556805,-0.3058574520441488,0.0
-1.9450490024688707,-0.09163409031318558,0.24600227974201838,0.6898648690139103,-1.0827468621485938,-0.45302909021697524,-0.6331042574623421,-0.9604882741346228,-1.0519083337339363,-0.6554852512097373,-0.7658863152089105,-1.3329052445811607,1.413064486092552,-2.332732292775504,0.478
0.7564121054922571,0.3643886872610269,1.0314832431288141,0.9825348134440541,1.2914691488278647,0.7062550034223808,0.9676657166520385,-0.14913592459865205,0.28543721866126115,-0.12393412908611882,0.2613888569347877,-0.32234870067000576,-0.06197488534919437,1.0940603404948803,26.563
-0.942600990433968,-0.4173646457233373,1.2559063755250415,-0.48081490870666493,-0.6870441936525175,-0.38057383436451553,-0.5773514392611562,-0.9271965502139273,-0.9740147853611616,-0.6757562685788584,-0.7485497621089395,-1.012148389346562,-0.30312573626610123,-1.173291176255449,0.855
1.6195471007488955,0.3643886872610269,-1.5493827794278006,-1.0661547975669525,0.8957664803317883,-0.503190421191755,-0.6899381552408362,-0.4710236919112689,0.15128443479309114,-0.5158404648891257,-0.08400451330229354,-0.47410463217884824,0.09236165923762558,2.3995051531693123,1.637
0.3778441251165385,-0.4173646457233373,1.3681179417231553,1.2752047578741978,-0.6870441936525175,-0.23566332265959597,0.3076666347053134,-0.08850771388607774,0.06598517142472513,-0.14420514645523988,-0.3575637510767542,0.0846331156491622,-0.3835093532384035,0.3382765015781038,8.321
-0.0885516267063468,0.2340964650969662,-1.3249596470315732,0.3971949245837665,2.0828744858200174,2.4284607002231553,-0.42345203943433707,-0.9937884692318883,-0.9505800771907952,-0.6554852512097373,-0.7368735876583524,0.5364519117323066,0.3672736292828995,0.30392269071825034,6.297
0.43841500197665345,-0.4173646457233373,1.0314832431288141,0.3971949245837665,-0.6870441936525175,0.19349473123574248,0.6780136099032184,-0.03214050498828964,0.1964365446944628,-0.198261192772896,-0.4631150109085275,-0.11195979562365638,-0.28704901287164114,0.49286865044744443,18.417
-0.40957727406495614,0.4946809094250876,0.5826369783363594,-0.18814496427652114,1.2914691488278647,-0.5867926394830547,-0.6899381552408362,-0.5362009244420146,-0.4764674703411916,-0.5496254938376608,-0.3251435994239071,0.47781893819479937,0.9243320949009544,0.15791899456387307,0.491
-0.22180755579859973,-0.28707242355927665,-1.6615943456259141,-0.18814496427652114,2.0828744858200174,0.9291942521991802,-0.4373516339997297,-0.9336515867603828,-0.878835514379615,-0.678008603842094,-0.6843201994937228,0.48816593352494747,0.7949144715755477,0.38121876515292064,5.195
-0.11883706513640428,1.4718725756555426,0.47042541213824574,-1.3588247419970965,1.6871718173239412,0.08202510684734292,0.14681743759579802,-0.31339203829388973,-0.2822539465119588,-0.18925185171995332,-0.06702083260126517,0.13981709074328674,0.01921256779283078,0.02909220383942254,11.651
-0.3944345548499274,0.8204114648352393,0.6948485445344731,-0.7734848531368087,0.10436114333963542,-0.6146600455801546,-0.6869265764183345,0.1920322405876296,0.10140232142800995,-0.1487098169817112,0.22290371092511543,0.5881868883830478,0.23383682510887802,-0.21138447217955178,0.277
1.6710323460799932,-0.547656867887398,0.8070601107325868,-1.3588247419970965,-0.6870441936525175,-0.2969716160732158,-0.5723321412236534,-0.9998284181264063,-0.9569451611184057,-0.6937749506847438,-0.7733636474124648,-1.905438986182702,-1.5667561950706934,0.31251114343321373,0.634
0.7594406493352628,-0.352218534641307,-0.651690249842891,-1.3588247419970965,-0.6870441936525175,-0.2691042099761159,-0.5370426150215177,-0.9284841690525905,-0.8450956416871206,-0.6599899217362087,-0.7645867947397278,-1.5812331325047206,-0.35778659580726674,0.810641400901089,1.223
-0.6185467992323528,-0.352218534641307,1.4803295079212688,1.5678747023043418,-0.6870441936525175,-0.6202335267995747,-0.6890115156031434,-0.39335994511611994,-0.5197906257868685,-0.40097136646410647,-0.3536617966653702,-0.4844516275089967,0.19766419747134176,-0.5377456753481598,0.064
-0.07340890749131805,-0.22192631247724626,-0.9883249484372321,-1.0661547975669525,-0.291341525156441,-0.6146600455801546,-0.6812895186223697,1.38469766107583,1.2169840076139637,1.159896970958214,1.2442716633903617,0.48816593352494747,-0.3553750872980982,-0.16844220860473494,0.457
4.751061434416839,0.42953479834305724,0.021579147345791017,0.6898648690139103,2.0828744858200174,5.845004687727603,-0.41156016408394563,-1.0191935277657727,-0.8840441731985529,-0.6915226154215082,-0.7490154518854286,0.1260210969697553,-1.164838110209182,3.584711627834257,9.852
-0.20969338042657676,-0.15678020139521592,1.0314832431288141,-1.3588247419970965,-0.291341525156441,-0.6146600455801546,-0.6744169413094812,1.5464124218000221,1.5213731619389275,0.2724768772433594,1.181743692198892,0.7606368105521868,0.12853428687516186,-0.022438512450357672,0.691
0.3929868443315672,-0.28707242355927665,-0.7639018160410047,1.5678747023043418,-0.6870441936525175,-0.3192655409508957,1.5244989189356275,2.213238027872638,3.07443670892259,0.941420450424354,1.9032931019520225,-0.05332682208614914,-0.029017602390550706,0.6560492520317485,21.434
0.853325508468441,-0.48251075680536765,-1.3249596470315732,-1.0661547975669525,-0.6870441936525175,0.2213621373328424,-0.5709421817671141,-1.0027848587493893,-0.9696954066753386,-0.7027842917376865,-0.7753926637063845,-2.15031787566288,-1.2219104782595167,0.046269109269349275,1.585
1.6680038022369874,-0.28707242355927665,-1.3249596470315732,-1.3588247419970965,-0.6870441936525175,0.24922954342994233,-0.5427568927872902,-0.9972701228022206,-0.9405579998444835,-0.6712515980523871,-0.7780917982579114,-2.077888908351841,-1.2870212080070813,0.6732261574616752,1.743
1.9799438180665796,-0.02648797923115522,1.7047526403174962,1.5678747023043418,-0.291341525156441,-0.6258070080189947,-0.6899381552408362,2.062095295507995,3.6192104087713313,1.2454857109611697,2.9762109616974053,-0.556880594820035,-1.0788276400488188,1.2314755839342941,0.0
-0.1884935735255365,1.0158497980813304,0.1337907135439047,1.2752047578741978,0.10436114333963542,-0.6090865643607347,-0.6897837153012207,-0.13398946089122116,-0.01937207314722228,-0.479803100677355,-0.15677087356885128,1.1986596128618003,0.4991027611174753,0.24380352171350675,0.362
-0.34597785336183545,-0.48251075680536765,-1.4371712132296868,1.2752047578741978,-1.0827468621485938,-0.29139813485379584,2.467972510046554,1.3216636362173326,0.4526002485952964,0.9008784156861118,0.38001166404469744,-0.09126580496335952,-1.050693374108513,-0.8984606893766213,17.173
0.6837270532601191,1.2112881313274213,-1.4371712132296868,0.9825348134440541,1.2914691488278647,0.5669179729368812,1.1346925113461728,-0.051954586985874004,0.319744360087452,-0.02032670697727793,0.34805465741546243,-0.243021736472202,-0.22756513631213726,0.8449952117609426,26.275
0.04470430238590614,-0.28707242355927665,-0.8761133822391184,1.2752047578741978,-0.6870441936525175,-0.4251616841198754,0.5953882422089402,0.35960905549836664,0.4925933783096916,-0.009065030661099571,-0.11981851704208574,0.8192697840896941,-0.03785980025750391,0.2008612581386899,6.196
-0.29146406418773196,0.10380424293290548,-1.5493827794278006,-0.7734848531368087,0.8957664803317883,-0.536631308508275,-0.6897837153012207,-0.5701872848414624,-0.4301613450762691,-0.44151340120234855,-0.264910147076523,-0.19128675982146018,1.2434550542809943,0.5443993667372247,0.962
0.1355606176760786,-0.28707242355927665,0.021579147345791017,-1.0661547975669525,-0.291341525156441,-0.6258070080189947,-0.6899381552408362,-0.5178947118739172,-0.4390005111633795,-0.4775507654141193,-0.28252492649104477,-0.022285836095704163,-0.14878919167928129,0.2352150689985434,0.024
0.5565282118538777,-0.02648797923115522,1.0314832431288141,1.2752047578741978,0.8957664803317883,2.634679505341694,3.2705968762281685,-0.23528779031709285,0.21859074166674983,0.6328505193610668,0.17029179344431508,-0.34649168977368533,0.40103474841126663,1.2572409420791844,59.058
0.3687584935875213,-0.28707242355927665,1.0314832431288141,-0.7734848531368087,2.0828744858200174,1.1967213507313392,-0.3541857265167973,-0.9050867793658319,-0.7967035400250376,-0.6667469275259157,-0.6401322622867169,0.1777560736204971,0.46534164198910827,1.0425296242051,7.173
1.0410952267347975,1.2112881313274213,0.8070601107325868,-1.0661547975669525,0.5000638118357118,1.3137644563391586,5.571365876649682,0.950973420684073,1.6112228974979899,1.8108218620333232,1.1799038358688285,0.16051108140358358,-0.6801248998661994,0.7934644954711624,83.979
-0.5549473785292321,0.03865813185087513,0.6948485445344731,0.10452498015362267,1.2914691488278647,-0.5867926394830547,-0.6899381552408362,-0.5393606733026811,-0.4987627373706859,-0.45502741278176256,-0.33354128391797266,0.5295539148455406,1.2201438053590268,0.07203446741423938,0.456
0.5989278256559581,-0.28707242355927665,-1.1005365146353459,0.9825348134440541,-0.6870441936525175,-0.29139813485379584,0.600098660367212,2.7970545747343394,3.133985877883269,4.000091737898396,2.135841950611878,-0.029183832982469574,-0.7846236019301921,0.22662661628358002,27.505
0.5383569487958432,-0.352218534641307,0.35821384594013206,0.3971949245837665,-0.6870441936525175,0.17120080635806253,1.7646530250376884,0.9617402861047355,1.2482836608535144,-0.0631210769787557,0.10638541444447604,0.8192697840896941,-0.5933105935361125,0.3382765015781038,34.607
0.8684682276834698,-0.352218534641307,-0.5394786836447774,0.9825348134440541,-0.6870441936525175,-0.4251616841198754,0.632376607746846,1.9497929077174965,3.0316479170883595,0.563028126200761,1.1470044224241485,0.270879031591832,-0.40762443833009454,0.8879374753357594,12.797
-1.0395143934101518,-0.4173646457233373,0.35821384594013206,-0.18814496427652114,-0.6870441936525175,-0.36385339070625555,-0.3783555770666189,-0.6686985971757542,-0.9684202095440121,-0.6712515980523871,-0.6764781193778,0.015653146781506533,-2.1664179776840684,-1.9290750151722256,2.339
-0.6912318514644908,-0.4173646457233373,1.0314832431288141,-0.48081490870666493,-0.6870441936525175,-0.39729427802277545,-0.4717917405339802,-0.611594395916363,-0.7463118971030387,-0.6892702801582724,-0.724551894227969,0.8330657778632256,-0.23238815333047558,-0.8383415203718777,2.349
0.008361776269837161,-0.22192631247724626,0.24600227974201838,-1.6514946864272402,2.0828744858200174,1.0741047639040995,-0.05341394411566311,-0.7754015372533826,-0.6382428573743077,0.21166382513599627,-0.5056675202665881,-0.06022481897291455,0.9476433438229219,0.853583664475906,11.368
-0.760888359853623,-0.15678020139521592,-1.6615943456259141,0.3971949245837665,-0.291341525156441,-0.6146600455801546,-0.6651505449325528,0.12171300387880198,-0.14976145598677887,-0.3334013085670363,0.18871834902659654,0.44332895376097103,0.5312562079063962,-0.58927639163794,0.33
0.002304688583825663,-0.28707242355927665,1.7047526403174962,0.10452498015362267,-0.6870441936525175,-0.34155946582857566,0.31338091247108596,0.19578497180820673,0.3133503486954776,-0.191504186983189,-0.4150615940813745,1.598743432294203,0.028054765659783987,0.19227280542372654,7.817
3.6668427386207814,0.9507036869993001,0.24600227974201838,0.9825348134440541,2.0828744858200174,8.291762943052975,-0.5516371893151799,-1.058135526458759,-0.9726120716735739,-0.7298123148965145,-0.7770806831147876,-0.42926765241487214,-0.45906995319236804,4.031311169012352,5.915
0.5353284049528374,-0.28707242355927665,-1.5493827794278006,1.2752047578741978,-1.0827468621485938,-0.2133693977819161,-0.5356526555649784,-0.9565576482060725,-0.8695759898279913,-0.5811581875229602,-0.7755699481568148,-1.6329681091554626,0.18560665492549652,1.0339411714901368,1.18
0.20218858222220507,-0.22192631247724626,-1.5493827794278006,-1.0661547975669525,-0.291341525156441,-0.6146600455801546,-0.6622161860798588,4.2446007558652585,3.4452388071011666,7.6736505522357765,3.8997204422780176,0.3571039926764015,-1.0129130741315309,-0.35738816833392906,1.524
-0.4186629055939734,-0.352218534641307,-0.8761133822391184,-0.7734848531368087,-0.6870441936525175,-0.24123680387901594,-0.6577374278310101,-1.0292826990608233,-1.0065863946774647,-0.7185506385803362,-0.7679628335565339,-2.164113869436411,0.01760489545338448,-0.36597662104889245,0.501
0.5322998611098317,-0.4173646457233373,-1.3249596470315732,0.10452498015362267,-0.6870441936525175,-0.2077959165624961,-0.2690120998188638,-0.12284986370147194,-0.024564695059761353,-0.479803100677355,-0.6210440709564182,0.6916568416845315,-0.7371972679165341,0.2008612581386899,8.568
3.2065040744839073,0.2340964650969662,0.47042541213824574,-1.6514946864272402,0.8957664803317883,0.9682086207351198,0.26666283073740527,-0.7393905656536686,-0.5788089457861919,-0.5158404648891257,-0.34740340108989387,-0.8328004702906574,-1.8521180353223665,0.9394681916255396,11.884
-0.34597785336183545,-0.09163409031318558,1.3681179417231553,-0.48081490870666493,2.0828744858200174,1.3472053436556786,-0.4544172473272395,-0.9087209141144269,-0.8880825903352609,-0.650980580683266,-0.680609101548113,-0.10851079718027368,0.2483058761638924,-0.13408839774488146,7.619
0.13253207383307286,-0.4173646457233373,1.0314832431288141,-0.18814496427652114,-0.6870441936525175,0.3885665739154418,0.9742294140856961,-0.03936641860262887,-0.09554991456211408,-0.5856628580494315,-0.5756813061712022,0.8916987514007327,-0.6865555892239834,-0.1770306613196983,22.644
